nom,prenom,ou
Nuth,Eudora,Utilisateurs
Guerriero,Ivie,Direction
Chennells,Alwin,Compta
Bontoft,Meghann,Utilisateurs
Coils,Murry,Utilisateurs
Barrus,Katherine,Utilisateurs
Torra,Giffy,Utilisateurs
Crennell,Mozes,IT
Orwin,Korey,Utilisateurs
Cranmer,Wilden,Compta
Golden of Ireland,Giuseppe,Utilisateurs
Comsty,Connie,Compta
Duffit,Douglas,Direction
Chasmoor,Ches,Utilisateurs
Stockford,Correna,Utilisateurs
Hallihan,Marcellus,Utilisateurs
Pottage,Thalia,Direction
Casey,Geneva,Compta
Liles,Jamill,IT
Guillon,Aurilia,Utilisateurs
Rapaport,Gregoor,Utilisateurs
Tavner,Simonette,Utilisateurs
Gilardoni,Angil,Direction
Franzel,Kliment,Utilisateurs
Lidstone,Raye,Utilisateurs
Pinock,Harlan,Utilisateurs
Barnewelle,Fleming,Utilisateurs
Briscoe,Constantine,Utilisateurs
Steeples,Stanly,Utilisateurs
Itzkovici,Brinna,Utilisateurs
Clogg,Egor,IT
Deare,Stephenie,Utilisateurs
Devote,Rubi,Direction
Sabates,Parsifal,Utilisateurs
Jakoubek,Fionna,Utilisateurs
McDuall,Anita,Utilisateurs
Cassar,Dode,Utilisateurs
Ferrieri,Debi,IT
Scorah,Mellisent,Utilisateurs
Govinlock,Ardelis,Utilisateurs
Hall,Roxi,Utilisateurs
Avesque,Wayne,Utilisateurs
Cowerd,Leticia,IT
Putson,Querida,Utilisateurs
Lewens,Arlen,Utilisateurs
Claeskens,Laney,Utilisateurs
Wilkerson,Doria,Utilisateurs
Peabody,Brenna,Utilisateurs
Prevost,Ashlan,Utilisateurs
Guinan,Randolph,Utilisateurs