prenom,nom,password,ou
Richmound,Olliver,"fP3}K~waZ_nW?ni)aryF,~S(",Utilisateurs
Luelle,Tunnadine,oK0?CR&{mJ&tB9vU=(,Compta
Ailyn,Stearn,yZ1<+VpvrUY4,IT
Gerhardine,Coats,"aP5%OH+""IG`nMOdmYZ",Utilisateurs
Deana,Rothermel,"uT9`g#J""3QzyxC2k0KJk%v,",Utilisateurs
Anetta,Wigfall,cZ1>8ZowN/D},Utilisateurs
Viole,Guillou,dQ8_XYde~L>*,Utilisateurs
Tobie,Rolfs,yP0|C%X'3R_.H8Ao&{r,Utilisateurs
Huberto,Iannuzzi,uA5|w9|0@M%6YKl,Utilisateurs
Arlyn,Lochet,fY1`iv`$vaLly1,Utilisateurs
Shea,Girvin,tW7}gtgw4zG%<Y#,Direction
Dom,Coddrington,"fC6?i,TIn+2K+T2pq.*/$|(",Utilisateurs
Robers,MacKimmie,sY1++.y6f%MZsIZc3w7,Utilisateurs
Martguerita,Stachini,"dD5*Z""$owIq+x\7Q=X}",Utilisateurs
Mattie,Emberson,eE8<bP7aTAl98/(&gD,Utilisateurs
Sheelah,Trusler,"zF1,YnldL\m>\*9J_nWRPbD",Utilisateurs
Kelwin,Sloley,cB5'.os3*m9},Direction
Zabrina,Kyte,"iE4@)/w(""6#YSlC3(g+ueo",Compta
Byram,Balle,xC7<Fw5|G_rsCQ3Rb,Utilisateurs
Lucy,Vischi,"bX4}BugGiCp,2?O#}#",Utilisateurs
Bethina,Whetnall,mH3#.2kKn$e<O($.x,Utilisateurs
Ingar,Rumble,lT3{5s('e'+7zWH1D,Compta
Arvie,Lamplugh,rH3~ORfPO0@Z7t__'cNjMH,Utilisateurs
Flem,Duplock,zN6?rk%#IU08q`)X4,Compta
Roger,Eyrl,dX0*Qd1fWR0}wrj~M*1m)tF/,Utilisateurs
Bernard,Hunnicot,qA8#BdDs`7YgSh~D,Compta
Ralph,Wondraschek,zE3}b\Ih*d'ch3S@$xFaMy,Utilisateurs
Tobin,Poveleye,iO3@BzJMg5lVhP,Utilisateurs
Lusa,Andreu,"nB9_,mYm_i6ovywGl",Compta
Darline,Rustan,zP5}tIHv_XL\+C+C@,Utilisateurs
Doloritas,Walter,"nI9/551()Oe_f""IaDO(1>o",Utilisateurs
Bili,Mackett,oG2|l5sZD(.`c,Utilisateurs
Arlen,McCaughren,hO5`(luWfs8h5(,Utilisateurs
Leon,Gammage,"sH8,hTv~vulvFA?W|9&`",Utilisateurs
Derrek,Buzza,wU7#n?s\2V*+Cn@R8Y{},Utilisateurs
Stevy,Gresswell,eD6#GRl6Yi.&xUB,Utilisateurs
Gustavus,Dust,dT1{0AvT9*/eBxI~JEB,Utilisateurs
Ynez,Taffrey,"qN9\4yBW(uDW'~""g",Compta
Care,Clethro,zA2|fwYaN|df&e?aVnU6Q,Utilisateurs
Iolanthe,Bridgement,fT3*I4MBZ'y@m_*},Direction
Rustie,Bodham,"gL9,n(*3~R9fjU}f|CE3Y",Utilisateurs
Raphaela,Kitchinham,bA1`c(uBLD2X%F95/d,Utilisateurs
Becca,Aris,cL4/dZVMs+0s,Utilisateurs
Elisha,MacAne,vT3?=jM3Y@sjubG4+eLu3,Direction
Aurilia,Pilbury,"yN6(fM$x*k,UwG\*pD3K",Utilisateurs
Maddie,Goard,rZ0|7tqGihmGkJ=z4qt_TL,Utilisateurs
Mabelle,Spincke,"uS2,_Y(16eU,H~jdGT",Utilisateurs
Giustina,Lowseley,kP6*`|Jbvpxc,Utilisateurs
Iain,Barrie,xB9=MXN|\bi<)aN~K},Utilisateurs
Susette,Gallatly,"cU4""GQFsy{#?G<~mA+",Utilisateurs
Reuben,MacKean,rR9\4O%Aj.k0DN#*bK~%f,Utilisateurs
Karil,Ends,"dL7'}R""QFO|u0Hp1(",Utilisateurs
Binky,Moscrop,eO1<4D9+)+FyIy(|c3A{H3HL,Utilisateurs
Jamie,Calcott,bF7.8>B#4JE+3*1J'r4yC,Utilisateurs
Helga,Ellery,"mX5*$lgf9'mn3nw3""&",Direction
Lars,Noice,"bY1""yEA*r9#%BZ#K94+JXt",Utilisateurs
Ingrid,Sabine,qV5(0Z.2x)??<Y!%>Ro,Utilisateurs
Mair,Morrell,sI3*cDsd>*S$}T%_|MQk>u|,Utilisateurs
Donica,Forsbey,jA7'HLiYxoiFxI,Utilisateurs
Mattie,Rawe,qS5*5N\mS_3I,Utilisateurs
Darb,Janicki,dL4\cJZ>#Eo?KD=0vZMwNKnd,Utilisateurs
Paco,MacAlpin,qQ4>*'uFQ5A5+/7WT,IT
Loralie,Arnaez,"pW6+nE6C,7AhUGN",Utilisateurs
Tam,Doumerque,dO1)aD}B\K+`?#+kPJ,Utilisateurs
Karoline,Sicely,eE1{g.a/T7Qg0co4%,Compta
Maureen,Blenkensop,"eA5{2)""oqlll2Hk4)",Utilisateurs
Mitchell,Pinhorn,hR5`q<6es7'/1RW(Jn7,Utilisateurs
Sallyann,Overal,jF5#mxM~f@z>,Compta
Agustin,Killbey,wY7`P'#~%RI*,Direction
Karoly,Prendergrast,bM9=%mt=7m@@%A,Utilisateurs
Melissa,Ferrieri,"kV3)M'\3,Uqyy_XvL)xR",Utilisateurs
Clement,Boor,yK2*!cSc`Si52O&Zz(<,Direction
Nicola,Blakden,yS2|iO0*|'(Tb9Q1,Utilisateurs
Murial,Yakutin,"sY4)cP9tC4GZx,",Utilisateurs
Kevan,Patching,jB9!(ocW_o!%Rt)>,Utilisateurs
Vladimir,Canto,"kI7#waK*""2t{$Y=GZiV`r",Utilisateurs
Northrop,Dunbar,wI2*S\RLQCo{,Utilisateurs
Skylar,Osmar,dG8~hiXV7lUV`\2jy7!xz,Utilisateurs
Timofei,Risbie,"bH6|WPR'U`k0>""F",Utilisateurs
Ashely,Goering,"vP9\R~?'9Tl6sm+A3""q""Zlx",Utilisateurs
Pierce,Dederich,"yQ8""0Lk,3*M!P",Compta
Arri,Lapidus,tF5)4trs7(L#+4*M<zuf~0,Utilisateurs
Antonetta,Burtonshaw,cM4+<'<ue(x$Fp(,Compta
Vonny,Meddows,fX5$q@XQ4Lqe!H5MyDh,Utilisateurs
Angelina,Beetham,jW7}P)/SyDkJb~0\,Compta
Mateo,Furst,hO6*R>(Y2hQ0M)T)wr,Direction
Bethanne,Sigg,"qF5>0@}05Vz*W7V%R""#~",Utilisateurs
Melany,Giraudat,oM4<o#!`Ny@axajX,Utilisateurs
Karlotte,Pixton,rG2|!GP%$RNR(s!\img2?J,Utilisateurs
Alana,Tukely,jE7<VBT>Y*dT&|MT3,Utilisateurs
Lukas,Gosdin,hO1)l2fsQi<BW,Utilisateurs
Angelia,Myott,gF9/uz0bZ*b&x,Utilisateurs
Damiano,Eldered,hS8`ITpRqY'Txpi=x,Utilisateurs
Nelson,Cosslett,tG9}%AM{j~zVsFTR?+,Utilisateurs
Dario,Tibb,jO9%d(jLdoFVQmsqsC,Utilisateurs
Ag,Noice,dN2$QbUn%iy7m$GV)H=8JP8,IT
Livvy,Lodemann,kO7`G)L{1ZyZ%Oh'MJG{X/,Utilisateurs
Cinnamon,Piccop,aH6=g$\y}x09GVFUa'w*v,IT
Lorianne,Skeleton,"kT8=x5tbJ%,9j|{$~Bu%VR@6",IT
Cathie,Mayhead,rO9@n*NUA%3As{&G,Utilisateurs